department,revenue
Engineering,46.92680899768591
Engineering,301.0121430917521
Engineering,131.67456935454493
Engineering,91.29425537759532
Engineering,16.962487046234628
Engineering,16.959629191460518
Engineering,5.983876860868068
Engineering,201.12308644799396
Engineering,91.90821536272645
Engineering,123.12500617045903
Engineering,2.0799307999138623
Engineering,350.3557475158312
Engineering,178.6429543354675
Engineering,23.8687625248947
Engineering,20.067898874966335
Engineering,20.261142283225706
Engineering,36.27537294604771
Engineering,74.39278308608544
Engineering,56.55370667803366
Engineering,34.42229925539415
Engineering,94.63708738997987
Engineering,15.023452872733866
Engineering,34.551551200240226
Engineering,45.6277218220847
Engineering,60.893468785977504
Engineering,153.7936011030912
Engineering,22.273586212869027
Engineering,72.20291550331277
Engineering,89.75047213097605
Engineering,4.756384975640855
Engineering,93.533302064961
Engineering,18.696125197741644
Engineering,6.726393087930424
Engineering,297.3687793506931
Engineering,337.06303424611724
Engineering,165.23315728128767
Engineering,36.32878599687583
Engineering,10.277731500250624
Engineering,115.27507630986618
Engineering,58.009084258539836
Engineering,13.015223395444863
Engineering,68.35472281341501
Engineering,3.4993721443479084
Engineering,240.04228873930236
Engineering,29.94577768406861
Engineering,108.62557985649804
Engineering,37.354658165762366
Engineering,73.41108959092286
Engineering,79.12237979817975
Engineering,20.438859950790576
Marketing,873.2017831840566
Marketing,373.0613442845352
Marketing,701.2736048228955
Marketing,563.0379993835492
Marketing,227.76360309581875
Marketing,637.3588448173513
Marketing,23.163864738278907
Marketing,54.53367365781686
Marketing,11.570491421707988
Marketing,98.3830217007717
Marketing,123.03257294855464
Marketing,79.14011080220642
Marketing,441.1394663102335
Marketing,110.30674988246754
Marketing,82.4507100335623
Marketing,195.6017708019365
Marketing,37.97453695515721
Marketing,405.1208989436828
Marketing,19.368967202827253
Marketing,1083.53658489683
Marketing,369.87094406037784
Marketing,55.38486012647149
Marketing,1.3843550939838687
Marketing,422.4741943715315
Marketing,306.7739768467612
Marketing,326.41572719699974
Marketing,368.80363151087835
Marketing,19.232316378449088
Marketing,110.97316810405812
Marketing,30.787526151112413
Marketing,497.1323929145557
Marketing,244.0752979280935
Marketing,100.45470031282525
Marketing,16.41701645119572
Marketing,93.12208760258844
Marketing,98.32855329603284
Marketing,326.9689459894352
Marketing,253.72233973150497
Marketing,545.5629781003787
Marketing,159.76653334407746
Marketing,31.843098403875477
Marketing,312.28158607914986
Marketing,357.598188269216
Marketing,205.9718737214572
Marketing,368.47249168034114
Marketing,170.2036828775695
Marketing,184.91970969431677
Marketing,139.45354847710684
Marketing,6.436943497528432
Marketing,28.54185879796646
